User Input,Chatbot Response,Timestamp
hello,Hi there,2024-09-10 01:21:51
how are you ,My purpose is to assist you,2024-09-10 01:21:57
weather ,"I'm sorry, I cannot provide real-time weather information.",2024-09-10 01:22:20
How do I create a budget,"To make a budget, start by tracking your income and expenses. Then, allocate your income towards essential expenses like rent, food, and bills. Next, allocate some of your income towards savings and debt repayment. Finally, allocate the remainder of your income towards discretionary expenses like entertainment and hobbies.",2024-09-10 01:22:30
Today is a nice weather,"I'm sorry, I cannot provide real-time weather information.",2024-10-03 08:29:52
How's the weather today,"I'm sorry, I cannot provide real-time weather information.",2024-10-03 08:30:47
Hi,Hello,2024-10-03 08:30:56
Hello,"I'm fine, thank you",2024-12-09 12:12:05
What is your name?,My purpose is to assist you,2024-12-09 12:12:29
What type of assistant,"Mindfulness is the practice of being fully present in the moment, observing thoughts and feelings without judgment.",2024-12-09 12:12:53
(a + b)^2?,Growing a vegetable garden allows you to enjoy fresh produce and connect with nature.,2024-12-09 12:13:26
(a + b)^2,Growing a vegetable garden allows you to enjoy fresh produce and connect with nature.,2024-12-09 12:13:34
What is BIOLOGY,"Mindfulness is the practice of being fully present in the moment, observing thoughts and feelings without judgment.",2024-12-09 12:14:06
Hello,Nothing much,2024-12-09 12:14:17
